space,page_id,page_title,url,last_modified,kind,value,status,detail,snippet,evidence,verdict,reason,note
TIKA,109454091,TikaExtractingEmbeddedCode,https://cwiki.apache.org/confluence/spaces/TIKA/pages/109454091/TikaExtractingEmbeddedCode,2019-03-26T16:41:08.000Z,class,org.apache.tika.parser.html.HtmlParser,missing,no type named HtmlParser is declared anywhere,"lass=""org.apache.tika.parser.DefaultParser""> <parser-exclude class=""org.apache.tika.parser.html.HtmlParser""/> <parser-exclude class=""org.apache.tika.parser.pdf.PDFParser""/>",19 file(s) mention 'HtmlParser': .skills/devs/oss-fuzz/SKILL.md; CHANGES.txt; tika-annotation-processor/src/main/java/org/apache/tika/annotation/KebabCaseConverter.java,REAL,,"Page gives a tika-config.xml as the current way to enable script extraction. HtmlParser was replaced by JSoupParser in 3.0.0 (CHANGES.txt, TIKA-1599); no declaration of the FQCN anywhere; XML configuration itself was removed in 4.0.0."
CLOUDSTACK,30750874,Using Spring in CloudStack,https://cwiki.apache.org/confluence/spaces/CLOUDSTACK/pages/30750874/Using+Spring+in+CloudStack,2013-06-23T18:30:31.000Z,class,com.cloud.baremetal.manager.BaremetalPlannerSelector,missing,no type named BaremetalPlannerSelector is declared anywhere,"value=""BaremetalGuru""/> </bean> <bean id=""BaremetalPlannerSelector"" class=""com.cloud.baremetal.manager.BaremetalPlannerSelector""> <property name=""name"" value=""BaremetalPlannerSelector""/> </bean> <be",0 file(s) mention 'BaremetalPlannerSelector',REAL,,Developer guide under Development 101 lists this bean class as part of the current Spring context. The class name appears nowhere in the repository.
TIKA,109454038,AgeDetectionParser,https://cwiki.apache.org/confluence/spaces/TIKA/pages/109454038/AgeDetectionParser,2019-03-26T16:37:54.000Z,class,org.apache.tika.config.InitializableProblemHandler,missing,no type named InitializableProblemHandler is declared anywhere,"tika/parser/recognition/tika-config-age.xml -m test.txt Jul 07, 2017 3:38:53 PM org.apache.tika.config.InitializableProblemHandler$3 handleInitializableProblem WARNING: JBIG2ImageReader not loaded. jbig2 files",1 file(s) mention 'InitializableProblemHandler': CHANGES.txt,FALSE_POSITIVE,other,"The class name appears only in pasted 2017 console log output ('You should then see: ... InitializableProblemHandler$3 ...'), not as instructions, configuration or usage. (The class was removed in 4.0.0.)"
TIKA,217385627,ModifyingContentWithHandlersAndMetadataFilters,https://cwiki.apache.org/confluence/spaces/TIKA/pages/217385627/ModifyingContentWithHandlersAndMetadataFilters,2023-08-29T13:51:10.000Z,class,org.apache.tika.metadata.filter.ClearByMimeMetadataFilter,missing,no type named ClearByMimeMetadataFilter is declared anywhere,"encoding=""UTF-8""?> <properties> <metadataFilters> <metadataFilter class=""org.apache.tika.metadata.filter.ClearByMimeMetadataFilter""> <params> <!-- this will remove metadata objects for jpegs and pdfs; m",0 file(s) mention 'ClearByMimeMetadataFilter',REAL,,"Page presents a ClearByMimeMetadataFilter XML config as current usage. No file in the repository mentions the name; the filter is now RemoveByMimeMetadataFilter, and XML config was removed in 4.0.0."
CLOUDSTACK,30750874,Using Spring in CloudStack,https://cwiki.apache.org/confluence/spaces/CLOUDSTACK/pages/30750874/Using+Spring+in+CloudStack,2013-06-23T18:30:31.000Z,class,com.cloud.user.UserContext,missing,no type named UserContext is declared anywhere,ent; import java.lang.reflect.Method; import org.apache.log4j.Logger; import com.cloud.user.UserContext; import com.cloud.utils.component.ComponentMethodInterceptor; public class Act,10 file(s) mention 'UserContext': api/src/test/java/org/apache/cloudstack/api/command/test/AddAccountToProjectCmdTest.java; engine/storage/integration-test/src/test/resources/fakeDriverTestContext.xml; plugins/user-authenticators/ldap/src/main/java/org/apache/cloudstack/ldap/LdapContextFactory.java,REAL,,Example interceptor code on the developer guide imports com.cloud.user.UserContext. No such type exists; only comments and commented-out test code mention it (replaced by CallContext).
TIKA,148640959,TikaAndVisionVideo,https://cwiki.apache.org/confluence/spaces/TIKA/pages/148640959/TikaAndVisionVideo,2020-03-07T21:28:48.000Z,class,org.apache.tika.parser.recognition.tf.TensorflowRESTVideoRecogniser,missing,no type named TensorflowRESTVideoRecogniser is declared anywhere,"aram> 8 <param name= ""class"" type= ""string"" > org.apache.tika.parser.recognition.tf.TensorflowRESTVideoRecogniser </param> 9 <param name= ""healthUri"" type= ""uri",0 file(s) mention 'TensorflowRESTVideoRecogniser',REAL,,How-to page configures TensorflowRESTVideoRecogniser. No mention anywhere in the repository; CHANGES.txt 4.0.0 lists ObjectRecognitionParser and the Tensorflow recognisers as removed with no replacement. Jar names mention 1.15-SNAPSHOT but the page does not scope itself to a release.
TIKA,109454079,TikaAndMITIE,https://cwiki.apache.org/confluence/spaces/TIKA/pages/109454079/TikaAndMITIE,2019-03-26T16:40:22.000Z,class,org.apache.tika.server.TikaServerCli,moved,TikaServerCli is declared in: org.apache.tika.server.core,MITIENERecogniser -classpath $NER_RES/MITIE/mitielib/javamitie.jar:$TIKA_SERVER org.apache.tika.server.TikaServerCli --config=$NER_RES/tika-config.xml -p 9998 2. * For LINUX/Windows*,13 file(s) mention 'TikaServerCli': CHANGES.txt; docs/modules/ROOT/pages/using-tika/docker.adoc; tika-server/docker-build/docker-compose-tika-customocr.yml,REAL,,Current run instructions start tika-server with 'java ... org.apache.tika.server.TikaServerCli'. The class now lives in org.apache.tika.server.core (Dockerfiles in the repo use the new name); the old FQCN appears nowhere.
TIKA,109454050,FFMPEGParser,https://cwiki.apache.org/confluence/spaces/TIKA/pages/109454050/FFMPEGParser,2019-03-26T16:38:39.000Z,class,org.apache.tika.parser.external.CompositeExternalParser,missing,no type named CompositeExternalParser is declared anywhere,video/x-msvideo X-Parsed-By: org.apache.tika.parser.DefaultParser X-Parsed-By: org.apache.tika.parser.external.CompositeExternalParser X-Parsed-By: org.apache.tika.parser.external.ExternalParser encoder: ankarec re,5 file(s) mention 'CompositeExternalParser': CHANGES.txt; docs/modules/ROOT/pages/configuration/parsers/external-parser.adoc; docs/modules/ROOT/pages/migration-to-4x/migrating-to-4x.adoc,FALSE_POSITIVE,other,"All three mentions are inside expected output (X-Parsed-By lines), not instructions or configuration. (CompositeExternalParser was removed in 4.0.0 per CHANGES.txt and the 4.x migration guide.)"
TIKA,148639291,TikaServer,https://cwiki.apache.org/confluence/spaces/TIKA/pages/148639291/TikaServer,2024-01-30T15:38:48.000Z,class,org.apache.tika.language.translate.Lingo24Translator,moved,Lingo24Translator is declared in: org.apache.tika.language.translate.impl,"* *translator* should be a fully qualified Tika class name (with package) e.g., org.apache.tika.language.translate.Lingo24Translator * *src* should be the 2 character short code for the source language, e.g., 'en",4 file(s) mention 'Lingo24Translator': tika-langdetect/tika-langdetect-lingo24/src/main/resources/org/apache/tika/langdetect/lingo24/langdetect.lingo24.properties; tika-translate/src/main/java/org/apache/tika/language/translate/impl/Lingo24Translator.java; tika-translate/src/main/resources/org/apache/tika/language/translate/impl/translator.lingo24.properties,REAL,,"The /translate endpoint docs tell users to pass org.apache.tika.language.translate.Lingo24Translator as the translator class, with a curl example. Translators moved to ...translate.impl (CHANGES.txt); the old FQCN appears nowhere."
OFBIZ,170266058,OFBiz Tutorial – Introduction for Developers,https://cwiki.apache.org/confluence/spaces/OFBIZ/pages/170266058/OFBiz+Tutorial+%E2%80%93+Introduction+for+Developers,2020-12-13T21:46:40.000Z,class,org.apache.ofbiz.OI,missing,no type named OI is declared anywhere,"ies to add to entitymodel.xml <entity entity-name=""HelloPerson"" package-name=""org.apache.ofbiz.OI"" title=""Persons Entity""> <field name=""helloPersonId"" type=""id""><description>pr",2040 file(s) mention 'OI': .asf.yaml; .xmlcatalog.xml; DOCKER.adoc,FALSE_POSITIVE,extraction_error,"'org.apache.ofbiz.OI' is the package-name attribute of an entity definition the tutorial asks the reader to create for its own 'OI' plugin, not a reference to an OFBiz class."
TIKA,148640953,TikaAndVision,https://cwiki.apache.org/confluence/spaces/TIKA/pages/148640953/TikaAndVision,2020-03-07T21:25:00.000Z,class,org.apache.tika.parser.recognition.tf.TensorflowRESTRecogniser,missing,no type named TensorflowRESTRecogniser is declared anywhere,""" type=""double"">0.015</param> <param name=""class"" type=""string"">org.apache.tika.parser.recognition.tf.TensorflowRESTRecogniser</param> </params> </parser> </parsers> </properties>",0 file(s) mention 'TensorflowRESTRecogniser',REAL,,How-to page configures ObjectRecognitionParser with TensorflowRESTRecogniser. No mention anywhere in the repository; removed in 4.0.0 with no replacement (CHANGES.txt).
TIKA,109454048,EXIFToolParser,https://cwiki.apache.org/confluence/spaces/TIKA/pages/109454048/EXIFToolParser,2019-03-26T16:38:33.000Z,class,org.apache.tika.server.TikaServerCli,moved,TikaServerCli is declared in: org.apache.tika.server.core,"exif-tika-config.xml -classpath tika-server/target/tika-server-1.9-SNAPSHOT.jar org.apache.tika.server.TikaServerCli Now, PUT a file to it, e.g., spaghetti-to-sushi.mp4 : curl -T $HOM",13 file(s) mention 'TikaServerCli': CHANGES.txt; docs/modules/ROOT/pages/using-tika/docker.adoc; tika-server/docker-build/docker-compose-tika-customocr.yml,REAL,,"Instructions: 'First, start it up: java ... org.apache.tika.server.TikaServerCli'. Class moved to org.apache.tika.server.core; old FQCN appears nowhere."
TIKA,109454081,TikaAndVisionDL4J,https://cwiki.apache.org/confluence/spaces/TIKA/pages/109454081/TikaAndVisionDL4J,2019-03-26T16:43:23.000Z,class,org.apache.tika.server.TikaServerCli,moved,TikaServerCli is declared in: org.apache.tika.server.core,".15-SNAPSHOT.jar:tika-dl/target/tika-dl-1.15-SNAPSHOT-jar-with-dependencies.jar org.apache.tika.server.TikaServerCli "" tika --config=tika-config.xml # Starts server port 9998 }}} Refer to",13 file(s) mention 'TikaServerCli': CHANGES.txt; docs/modules/ROOT/pages/using-tika/docker.adoc; tika-server/docker-build/docker-compose-tika-customocr.yml,REAL,,Instructions alias tika-server to 'java -cp ... org.apache.tika.server.TikaServerCli'. Class moved to org.apache.tika.server.core. The page says it was written before 1.16 shipped but does not scope itself to a release.
CLOUDSTACK,29688017,CloudStack API Development,https://cwiki.apache.org/confluence/spaces/CLOUDSTACK/pages/29688017/CloudStack+API+Development,2016-05-12T07:08:26.000Z,class,com.cloud.test.GetTimeOfDayCmd,missing,no type named GetTimeOfDayCmd is declared anywhere,a.util.List; import java.util.ArrayList; import org.apache.log4j.Logger; import com.cloud.test.GetTimeOfDayCmd; import javax.annotation.PostConstruct; import org.springframework.stereotype.C,0 file(s) mention 'GetTimeOfDayCmd',FALSE_POSITIVE,other,"Tutorial example: GetTimeOfDayCmd is a class the page asks the reader to write in a new 'timeofday' plugin, not a claim about existing CloudStack code."
TIKA,109454081,TikaAndVisionDL4J,https://cwiki.apache.org/confluence/spaces/TIKA/pages/109454081/TikaAndVisionDL4J,2019-03-26T16:43:23.000Z,class,org.apache.tika.dl.imagerec.DL4JInceptionV3Net,missing,no type named DL4JInceptionV3Net is declared anywhere,"fidence"" type=""double"">0.015</param> <param name=""class"" type=""string"">org.apache.tika.dl.imagerec.DL4JInceptionV3Net</param> </params> </parser> </parsers> </properties> }}}",0 file(s) mention 'DL4JInceptionV3Net',REAL,,How-to config activates DL4JInceptionV3Net via ObjectRecognitionParser. No mention anywhere in the repository; tika-dl was removed in 4.0.0 (TIKA-4499).
CLOUDSTACK,29687997,Putting CloudStack together,https://cwiki.apache.org/confluence/spaces/CLOUDSTACK/pages/29687997/Putting+CloudStack+together,2012-11-30T19:38:10.000Z,class,com.cloud.configuration.DefaultInterceptorLibrary,missing,no type named DefaultInterceptorLibrary is declared anywhere,"DatabaseUpgradeChecker""/> </system-integrity-checker> <interceptor library=""com.cloud.configuration.DefaultInterceptorLibrary""/> <management-server library=""com.cloud.configuration.DefaultComponentLibrar",2 file(s) mention 'DefaultInterceptorLibrary': plugins/network-elements/dns-notifier/src/main/resources/components-example.xml; server/src/test/java/com/cloud/keystore/KeystoreTest.java,REAL,,Development 101 page describes components.xml loading com.cloud.configuration.DefaultInterceptorLibrary as how CloudStack is assembled. No declaration exists; the only mentions are a stale components-example.xml and a commented-out block in KeystoreTest.java.
TIKA,109454044,CompositeParserDiscussion,https://cwiki.apache.org/confluence/spaces/TIKA/pages/109454044/CompositeParserDiscussion,2019-03-26T16:38:18.000Z,class,org.apache.tika.parser.html.HTMLParser,missing,no type named HTMLParser is declared anywhere,"<parser class=""org.apache.tika.parser.xml.XMLParser"" /> <parser class=""org.apache.tika.parser.html.HTMLParser"" /> <parser class=""org.apache.tika.parser.txt.TXTParser"" /> <mime",19 file(s) mention 'HTMLParser': .skills/devs/oss-fuzz/SKILL.md; CHANGES.txt; tika-annotation-processor/src/main/java/org/apache/tika/annotation/KebabCaseConverter.java,FALSE_POSITIVE,other,"Design-discussion page (TIKA-1445 'Composite Parser Discussion') proposing a future config syntax, not documentation of current behaviour. The §3 filter missed it because the title is CamelCase ('CompositeParserDiscussion')."
TIKA,148639291,TikaServer,https://cwiki.apache.org/confluence/spaces/TIKA/pages/148639291/TikaServer,2024-01-30T15:38:48.000Z,class,org.apache.tika.server.TikaServerCli,moved,TikaServerCli is declared in: org.apache.tika.server.core,he following: $ java -jar tika-server-1.24-SNAPSHOT.jar 19-Jan-2015 14:23:36 org.apache.tika.server.TikaServerCli main INFO: Starting Apache Tika 1.8-SNAPSHOT server 19-Jan-2015 14:23:36 org.ap,13 file(s) mention 'TikaServerCli': CHANGES.txt; docs/modules/ROOT/pages/using-tika/docker.adoc; tika-server/docker-build/docker-compose-tika-customocr.yml,REAL,,Main TikaServer page instructs 'java -cp bin/* org.apache.tika.server.TikaServerCli' for tika-eval integration (other two mentions are log output). Class moved to org.apache.tika.server.core; old FQCN appears nowhere.
TIKA,148640953,TikaAndVision,https://cwiki.apache.org/confluence/spaces/TIKA/pages/148640953/TikaAndVision,2020-03-07T21:25:00.000Z,class,org.apache.tika.parser.recognition.tf.TensorflowImageRecParser,missing,no type named TensorflowImageRecParser is declared anywhere,"aram> 8 <param name= ""class"" type= ""string"" > org.apache.tika.parser.recognition.tf.TensorflowImageRecParser </param> 9 </params> 10 </parser>",0 file(s) mention 'TensorflowImageRecParser',REAL,,How-to config uses TensorflowImageRecParser. No mention anywhere in the repository; removed in 4.0.0 with the Tensorflow recognisers.
TIKA,109454067,PooledTimeSeriesParser,https://cwiki.apache.org/confluence/spaces/TIKA/pages/109454067/PooledTimeSeriesParser,2019-03-26T16:39:37.000Z,class,org.apache.tika.parser.pot.PooledTimeSeriesParser,missing,no type named PooledTimeSeriesParser is declared anywhere,"arsed-By"": [ ""org.apache.tika.parser.CompositeParser"", ""org.apache.tika.parser.pot.PooledTimeSeriesParser"" ], ""X-TIKA:content"": ""<html xmlns=\""http://www.w3.org/1999/xht",1 file(s) mention 'PooledTimeSeriesParser': CHANGES.txt,REAL,,"Borderline: the FQCN appears only in expected X-Parsed-By output, but the page is about this parser and gives current run instructions for it. Removed in 4.0.0 (CHANGES.txt); only CHANGES.txt mentions it."
TIKA,148639291,TikaServer,https://cwiki.apache.org/confluence/spaces/TIKA/pages/148639291/TikaServer,2024-01-30T15:38:48.000Z,class,org.apache.tika.metadata.filter.ClearByMimeMetadataFilter,missing,no type named ClearByMimeMetadataFilter is declared anywhere,"imeMetadataFilter <properties> <metadataFilters> <metadataFilter class=""org.apache.tika.metadata.filter.ClearByMimeMetadataFilter""> <params> <mimes> <mime>image/emf</mime> </mim",0 file(s) mention 'ClearByMimeMetadataFilter',REAL,,"Main TikaServer page shows a ClearByMimeMetadataFilter XML config for /rmeta as current usage. No file mentions the name; now RemoveByMimeMetadataFilter, and XML config was removed in 4.0.0."
TIKA,109454101,Troubleshooting Tika,https://cwiki.apache.org/confluence/spaces/TIKA/pages/109454101/Troubleshooting+Tika,2019-12-06T17:26:39.000Z,class,org.apache.tika.config.TikaConfig,missing,no type named TikaConfig is declared anywhere,:61) at org.apache.tika.parser.DefaultParser.<init>(DefaultParser.java:66) at org.apache.tika.config.TikaConfig.getDefaultParser(TikaConfig.java:76) at org.apache.tika.config.TikaConfig.<ini,318 file(s) mention 'TikaConfig': CHANGES.txt; docs/modules/ROOT/pages/advanced/integration-testing/tika-server.adoc; docs/modules/ROOT/pages/configuration/parsers/tess4j-parser.adoc,REAL,,Troubleshooting page's Java recipes use 'TikaConfig config = TikaConfig.getDefaultConfig()' (the FQCN also appears in stack traces). TikaConfig and the XML-config API were removed in 4.0.0 (CHANGES.txt); only a .java.disabled example imports it.
TIKA,109454083,TikaBatchUsage,https://cwiki.apache.org/confluence/spaces/TIKA/pages/109454083/TikaBatchUsage,2020-07-06T17:37:27.000Z,class,org.apache.tika.batch.fs.FSBatchProcessCLI,missing,no type named FSBatchProcessCLI is declared anywhere,", it converts some of the traditional tika-app commandline arguments for use by org.apache.tika.batch.fs.FSBatchProcessCLI. Some examples: *Most basic (with output to a directory called ""output""): j",0 file(s) mention 'FSBatchProcessCLI',REAL,,Page describes tika-app batch mode as handing arguments to org.apache.tika.batch.fs.FSBatchProcessCLI. No mention anywhere in the repository; tika-batch was removed in 4.0.0 (TIKA-4333).
TIKA,217385627,ModifyingContentWithHandlersAndMetadataFilters,https://cwiki.apache.org/confluence/spaces/TIKA/pages/217385627/ModifyingContentWithHandlersAndMetadataFilters,2023-08-29T13:51:10.000Z,class,org.apache.tika.metadata.writefilter.StandardWriteFilterFactory,missing,no type named StandardWriteFilterFactory is declared anywhere,"<properties> <autoDetectParserConfig> <metadataWriteFilterFactory class=""org.apache.tika.metadata.writefilter.StandardWriteFilterFactory""> <params> <!-- all measurements are in UTF-16 bytes. If any values are",1 file(s) mention 'StandardWriteFilterFactory': tika-core/src/main/java/org/apache/tika/metadata/writelimiter/StandardMetadataLimiterFactory.java,REAL,,Page configures metadataWriteFilterFactory class StandardWriteFilterFactory. Renamed in 4.0 to StandardMetadataLimiterFactory (its Javadoc says 'renamed from StandardWriteFilterFactory').
CLOUDSTACK,29688017,CloudStack API Development,https://cwiki.apache.org/confluence/spaces/CLOUDSTACK/pages/29688017/CloudStack+API+Development,2016-05-12T07:08:26.000Z,class,com.cloud.test.TimeOfDayManagerImpl,missing,no type named TimeOfDayManagerImpl is declared anywhere,"ger to its configuration: solid xml <bean id=""timeOfDayManagerImpl"" class=""com.cloud.test.TimeOfDayManagerImpl""> </bean> The above is now obsolete (at least since 4.5.0, please fix the e",0 file(s) mention 'TimeOfDayManagerImpl',FALSE_POSITIVE,other,"Tutorial example: TimeOfDayManagerImpl is a class the page asks the reader to write, not a claim about existing CloudStack code."
TIKA,181306665,tika-pipes,https://cwiki.apache.org/confluence/spaces/TIKA/pages/181306665/tika-pipes,2024-06-19T21:17:37.000Z,class,org.apache.tika.pipes.fetchers.microsoftgraph.MSGraphFetcher,missing,no type named MSGraphFetcher is declared anywhere,g.apache.tika.pipes.fetcher.azblob.AZBlobFetcher MSGraphFetcher Class name: org.apache.tika.pipes.fetchers.microsoftgraph.MSGraphFetcher Introduced in: https://github.com/apache/tika/pull/1698 Emitters The F,0 file(s) mention 'MSGraphFetcher',REAL,,tika-pipes page lists 'MSGraphFetcher Class name: org.apache.tika.pipes.fetchers.microsoftgraph.MSGraphFetcher' as current. No mention anywhere; the fetcher is now MicrosoftGraphFetcher in the tika-pipes-microsoft-graph plugin (repo docs).
TIKA,109454044,CompositeParserDiscussion,https://cwiki.apache.org/confluence/spaces/TIKA/pages/109454044/CompositeParserDiscussion,2019-03-26T16:38:18.000Z,class,org.apache.tika.parser.jdbc.SQLite3Parser,moved,SQLite3Parser is declared in: org.apache.tika.parser.sqlite3,"se parsers, have them ignored by DefaultParser --> <parser-exclude class=""org.apache.tika.parser.jdbc.SQLite3Parser""/> <parser-exclude class=""org.apache.tika.parser.executable.ExecutablePar",9 file(s) mention 'SQLite3Parser': CHANGES.txt; docs/modules/ROOT/pages/formats.adoc; tika-metadata-schema/src/main/resources/org/apache/tika/metadata/metadata-key-fields.json,FALSE_POSITIVE,other,"Same design-discussion page as row 16 (CamelCase title missed by the §3 filter); the parser list is part of a proposed config, not current documentation."
TIKA,255070549,File Types and Dependencies,https://cwiki.apache.org/confluence/spaces/TIKA/pages/255070549/File+Types+and+Dependencies,2023-06-20T13:36:59.000Z,class,org.apache.tika.parser.html.HtmlParser,missing,no type named HtmlParser is declared anywhere,org.apache.tika.parser.font.TrueTypeParser application/x-font-ttf .ttf org.apache.tika.parser.html.HtmlParser text/html .html org.apache.tika.parser.html.HtmlParser application/vnd.wa,19 file(s) mention 'HtmlParser': .skills/devs/oss-fuzz/SKILL.md; CHANGES.txt; tika-annotation-processor/src/main/java/org/apache/tika/annotation/KebabCaseConverter.java,REAL,,Page tables which parser handles each file type and lists org.apache.tika.parser.html.HtmlParser for text/html. Replaced by JSoupParser in 3.0.0 (TIKA-1599); FQCN appears nowhere.
TIKA,148640959,TikaAndVisionVideo,https://cwiki.apache.org/confluence/spaces/TIKA/pages/148640959/TikaAndVisionVideo,2020-03-07T21:28:48.000Z,class,org.apache.tika.parser.recognition.tf.TensorflowRESTRecogniser,missing,no type named TensorflowRESTRecogniser is declared anywhere,"ce"" type=""double"">0.1</param> <param name=""class"" type=""string"">org.apache.tika.parser.recognition.tf.TensorflowRESTRecogniser</param> <param name=""healthUri"" type=""uri"">http://localhost:303",0 file(s) mention 'TensorflowRESTRecogniser',REAL,,Example config uses TensorflowRESTRecogniser. No mention anywhere in the repository; removed in 4.0.0.
TIKA,109454041,CTAKESParser,https://cwiki.apache.org/confluence/spaces/TIKA/pages/109454041/CTAKESParser,2020-03-18T22:37:27.000Z,class,org.apache.tika.server.TikaServerCli,moved,TikaServerCli is declared in: org.apache.tika.server.core,"OT.jar:${CTAKES_HOME}/desc:${CTAKES_HOME}/resources:`./gen-server-classpath.sh` org.apache.tika.server.TikaServerCli --config tika-config.xml With Tika server started, let's post that biomedic",13 file(s) mention 'TikaServerCli': CHANGES.txt; docs/modules/ROOT/pages/using-tika/docker.adoc; tika-server/docker-build/docker-compose-tika-customocr.yml,REAL,,Instructions start tika-server with 'org.apache.tika.server.TikaServerCli --config tika-config.xml'. Class moved to org.apache.tika.server.core; old FQCN appears nowhere.
TIKA,109454081,TikaAndVisionDL4J,https://cwiki.apache.org/confluence/spaces/TIKA/pages/109454081/TikaAndVisionDL4J,2019-03-26T16:43:23.000Z,class,org.apache.tika.dl.imagerec.DL4JVGG16Net,missing,no type named DL4JVGG16Net is declared anywhere,"type=""double"">0.015</param> <param name=""class"" type=""string"">org.apache.tika.dl.imagerec.DL4JVGG16Net</param> <param name=""modelType"" type=""string"">VGG16</param> <param name=""",0 file(s) mention 'DL4JVGG16Net',REAL,,How-to config activates DL4JVGG16Net. No mention anywhere in the repository; tika-dl removed in 4.0.0.
TIKA,109454044,CompositeParserDiscussion,https://cwiki.apache.org/confluence/spaces/TIKA/pages/109454044/CompositeParserDiscussion,2019-03-26T16:38:18.000Z,class,org.apache.tika.parser.jpeg.JpegParser,moved,JpegParser is declared in: org.apache.tika.parser.image,"arser class=""org.apache.tika.parser.image.ImageParser"" /> <parser class=""org.apache.tika.parser.jpeg.JpegParser"" /> <parser class=""org.apache.tika.parser.gdal.GDALParser"" /> <!-",13 file(s) mention 'JpegParser': CHANGES.txt; docs/modules/ROOT/pages/formats.adoc; docs/modules/ROOT/partials/supported-formats.adoc,FALSE_POSITIVE,other,"Same design-discussion page as row 16 (CamelCase title missed by the §3 filter); JpegParser appears in a proposed config, not current documentation."
TIKA,177049147,NMT-RTG,https://cwiki.apache.org/confluence/spaces/TIKA/pages/177049147/NMT-RTG,2021-04-03T08:53:32.000Z,class,org.apache.tika.language.translate.RTGTranslator,moved,RTGTranslator is declared in: org.apache.tika.language.translate.impl,"n at https://isi-nlp.github.io/rtg/#_usage Integration: Overview The class org.apache.tika.language.translate.RTGTranslator glues Tika system with RTG REST API. By default, it interacts with http://loc",2 file(s) mention 'RTGTranslator': tika-translate/src/main/java/org/apache/tika/language/translate/impl/RTGTranslator.java; tika-translate/src/test/java/org/apache/tika/language/translate/impl/RTGTranslatorTest.java,REAL,,Page says 'The class org.apache.tika.language.translate.RTGTranslator glues Tika with RTG' and gives a curl call using that FQCN. The class is org.apache.tika.language.translate.impl.RTGTranslator; the old FQCN appears nowhere.
KAFKA,69410314,Kafka Stream Usage Patterns,https://cwiki.apache.org/confluence/spaces/KAFKA/pages/69410314/Kafka+Stream+Usage+Patterns,2019-01-10T17:40:06.000Z,class,org.apache.kafka.streams.test.ConsumerRecordFactory,missing,no type named ConsumerRecordFactory is declared anywhere,treams.state.StoreBuilder; import org.apache.kafka.streams.state.Stores; import org.apache.kafka.streams.test.ConsumerRecordFactory; import java.time.Duration; import java.util.Map; import java.util.Properties;,1 file(s) mention 'ConsumerRecordFactory': docs/streams/upgrade-guide.md,REAL,,"Usage-pattern example code imports org.apache.kafka.streams.test.ConsumerRecordFactory. Removed in 3.0.0 (docs/streams/upgrade-guide.md, 'Streams API changes in 3.0.0', KIP-470); no declaration remains."
TIKA,109454045,ContentMimeDetection,https://cwiki.apache.org/confluence/spaces/TIKA/pages/109454045/ContentMimeDetection,2019-03-26T16:38:31.000Z,class,org.apache.tika.detect.ExampleNNModelDetector,missing,no type named ExampleNNModelDetector is declared anywhere,ore\src\main\java) org.apache.tika.detect.TrainedModelDetector (abstract) org.apache.tika.detect.ExampleNNModelDetector org.apache.tika.detect.TrainedModel (abstract) org.apache.tika.detect.NNTrained,0 file(s) mention 'ExampleNNModelDetector',REAL,,"Page lists the feature's classes, including org.apache.tika.detect.ExampleNNModelDetector, as current. The class is actually NNExampleModelDetector, so the page's name matches nothing. Likely a page error from the start rather than drift."
TIKA,148640956,ImageCaption,https://cwiki.apache.org/confluence/spaces/TIKA/pages/148640956/ImageCaption,2020-03-07T21:27:20.000Z,class,org.apache.tika.parser.captioning.tf.TensorflowRESTCaptioner,missing,no type named TensorflowRESTCaptioner is declared anywhere,"Length"" type=""int"">15</param> <param name=""class"" type=""string"">org.apache.tika.parser.captioning.tf.TensorflowRESTCaptioner</param> </params> </parser> </parsers> </properties>",0 file(s) mention 'TensorflowRESTCaptioner',REAL,,How-to config uses TensorflowRESTCaptioner. No mention anywhere in the repository; removed in 4.0.0 with the Tensorflow captioners.
TIKA,109454071,SMTWithApacheJoshua,https://cwiki.apache.org/confluence/spaces/TIKA/pages/109454071/SMTWithApacheJoshua,2021-04-03T01:26:50.000Z,class,org.apache.tika.server.TikaServerCli,moved,TikaServerCli is declared in: org.apache.tika.server.core,"tika-server/target/tika-server-1.15-SNAPSHOT.jar ... Oct 25, 2016 10:16:25 AM org.apache.tika.server.TikaServerCli main INFO: Starting Apache Tika 1.15-SNAPSHOT server Oct 25, 2016 10:16:26 AM o",13 file(s) mention 'TikaServerCli': CHANGES.txt; docs/modules/ROOT/pages/using-tika/docker.adoc; tika-server/docker-build/docker-compose-tika-customocr.yml,FALSE_POSITIVE,other,"Both mentions are inside pasted 2016 server log output; the page's instruction is 'java -jar tika-server...jar', which does not name the class."
CLOUDSTACK,30750874,Using Spring in CloudStack,https://cwiki.apache.org/confluence/spaces/CLOUDSTACK/pages/30750874/Using+Spring+in+CloudStack,2013-06-23T18:30:31.000Z,class,com.cloud.configuration.dao.ConfigurationDaoImpl,moved,ConfigurationDaoImpl is declared in: org.apache.cloudstack.framework.config.dao,"imple. Following gives an example <bean id=""configurationDaoImpl"" class=""com.cloud.configuration.dao.ConfigurationDaoImpl"" /> ID of the component should be unique, as original configuration files",27 file(s) mention 'ConfigurationDaoImpl': engine/schema/src/main/java/com/cloud/upgrade/ConfigurationGroupsAggregator.java; engine/schema/src/main/java/com/cloud/upgrade/SystemVmTemplateRegistration.java; engine/storage/integration-test/src/test/java/org/apache/cloudstack/storage/test/ChildTestConfiguration.java,REAL,,"Developer guide example '<bean id=""configurationDaoImpl"" class=""com.cloud.configuration.dao.ConfigurationDaoImpl"" />'. The class now lives in org.apache.cloudstack.framework.config.dao; the old FQCN survives only in stale example/test XML files, with no declaration."
CLOUDSTACK,31823180,Add Xen and XCP support for GRE SDN controller,https://cwiki.apache.org/confluence/spaces/CLOUDSTACK/pages/31823180/Add+Xen+and+XCP+support+for+GRE+SDN+controller,2013-06-17T08:05:25.000Z,class,com.cloud.network.element.ExternalDhcpElement,missing,no type named ExternalDhcpElement is declared anywhere,"er associated with the current instance of the Network Element. For instance, com.cloud.network.element.ExternalDhcpElement is associated with the ‘ExternalDHCPServer’ provider. Network Manager",1 file(s) mention 'ExternalDhcpElement': plugins/network-elements/dns-notifier/src/main/resources/components-example.xml,FALSE_POSITIVE,other,"Google Summer of Code student report (Community > CloudStack University > Student Projects; 'for two weeks on the community bonding period ... latest code on master'). A time-bound project report the §3 word filter missed, not documentation of the current system."
TIKA,148639291,TikaServer,https://cwiki.apache.org/confluence/spaces/TIKA/pages/148639291/TikaServer,2024-01-30T15:38:48.000Z,class,org.apache.tika.language.translate.MicrosoftTranslator,moved,MicrosoftTranslator is declared in: org.apache.tika.language.translate.impl,t $ curl -X PUT --data-binary @sentences http://localhost:9998/translate/all/org.apache.tika.language.translate.MicrosoftTranslator/es/en I need practice in Spanish PUT a TXT file named sentences with Spanis,4 file(s) mention 'MicrosoftTranslator': tika-example/src/main/java/org/apache/tika/example/TranslatorExample.java; tika-translate/src/main/java/org/apache/tika/language/translate/impl/MicrosoftTranslator.java; tika-translate/src/main/resources/org/apache/tika/language/translate/impl/translator.microsoft.properties,REAL,,Main TikaServer page's curl example uses /translate/all/org.apache.tika.language.translate.MicrosoftTranslator/es/en. Translators moved to ...translate.impl in 2.0.0-ALPHA (CHANGES.txt); the old FQCN appears nowhere.
TIKA,109454071,SMTWithApacheJoshua,https://cwiki.apache.org/confluence/spaces/TIKA/pages/109454071/SMTWithApacheJoshua,2021-04-03T01:26:50.000Z,class,org.apache.tika.language.translate.JoshuaNetworkTranslator,moved,JoshuaNetworkTranslator is declared in: org.apache.tika.language.translate.impl,rtake language translation for us. curl http://localhost:9998/translate/all/org.apache.tika.language.translate.JoshuaNetworkTranslator/spanish/english -X PUT -T passage.txt The response you receive should be th,2 file(s) mention 'JoshuaNetworkTranslator': tika-translate/src/main/java/org/apache/tika/language/translate/impl/JoshuaNetworkTranslator.java; tika-translate/src/test/java/org/apache/tika/language/translate/impl/JoshuaNetworkTranslatorTest.java,REAL,,Instruction 'curl .../translate/all/org.apache.tika.language.translate.JoshuaNetworkTranslator/spanish/english'. Class moved to ...translate.impl in 2.0.0-ALPHA; the old FQCN appears nowhere.
TIKA,191336977,Apache Tika Meetups,https://cwiki.apache.org/confluence/spaces/TIKA/pages/191336977/Apache+Tika+Meetups,2022-01-24T15:56:19.000Z,class,org.apache.tika.pipes.pipesiterator.fs.FileSystemPipesIterator,moved,FileSystemPipesIterator is declared in: org.apache.tika.pipes.iterator.fs,"0211202/docs</basePath> </params> </fetcher> <pipesIterator class=""org.apache.tika.pipes.pipesiterator.fs.FileSystemPipesIterator""> <params> <fetcherName>fsf</fetcherName> <emitterName>fse</emi",9 file(s) mention 'FileSystemPipesIterator': docs/modules/ROOT/pages/pipes/plugins/filesystem.adoc; docs/modules/ROOT/pages/pipes/plugins/writing-a-plugin.adoc; tika-eval/tika-eval-app/src/main/java/org/apache/tika/eval/app/ExtractComparerRunner.java,FALSE_POSITIVE,page_historical,"Page is materials for dated past events (workshops on November 9 and December 2, 2021) and pins Tika 2.1.0 downloads."
TIKA,109454081,TikaAndVisionDL4J,https://cwiki.apache.org/confluence/spaces/TIKA/pages/109454081/TikaAndVisionDL4J,2019-03-26T16:43:23.000Z,class,org.apache.tika.parser.recognition.ObjectRecognitionParser,missing,no type named ObjectRecognitionParser is declared anywhere,"on model: {{{#!highlight xml <properties> <parsers> <parser class=""org.apache.tika.parser.recognition.ObjectRecognitionParser""> <mime>image/jpeg</mime> <params> <param name=""topN"" ty",2 file(s) mention 'ObjectRecognitionParser': CHANGES.txt; tika-server/docker-build/docker-compose-tika-vision.yml,REAL,,How-to config uses ObjectRecognitionParser. Removed in 4.0.0 (CHANGES.txt); the only other mention is a comment in docker-compose-tika-vision.yml.
CLOUDSTACK,31823180,Add Xen and XCP support for GRE SDN controller,https://cwiki.apache.org/confluence/spaces/CLOUDSTACK/pages/31823180/Add+Xen+and+XCP+support+for+GRE+SDN+controller,2013-06-17T08:05:25.000Z,class,com.cloud.network.router.VirtualApplianceManagerImpl,missing,no type named VirtualApplianceManagerImpl is declared anywhere,"work.ovs.OvsTunnelManagerImpl, whereas Virtual Router lifecycle is managed by com.cloud.network.router.VirtualApplianceManagerImpl. Note: About the networking flow and how to code, Chiradeep talked comple",0 file(s) mention 'VirtualApplianceManagerImpl',FALSE_POSITIVE,other,Same GSoC student report as row 38.
TIKA,240883999,Configuring Parsers At Parse Time in tika-server,https://cwiki.apache.org/confluence/spaces/TIKA/pages/240883999/Configuring+Parsers+At+Parse+Time+in+tika-server,2023-02-15T18:50:05.000Z,class,org.apache.tika.server.core.ParseContextConfig,moved,ParseContextConfig is declared in: org.apache.tika.config,"ample of PDFServerConfig , and make sure to add your class via services, e.g. org.apache.tika.server.core.ParseContextConfig .",25 file(s) mention 'ParseContextConfig': docs/modules/ROOT/pages/developers/custom-ocr-engine.adoc; docs/modules/ROOT/pages/developers/serialization.adoc; tika-core/src/main/java/org/apache/tika/config/ParseContextConfig.java,REAL,,Page tells users to register their class via services as org.apache.tika.server.core.ParseContextConfig. ParseContextConfig is now org.apache.tika.config.ParseContextConfig in tika-core; the old FQCN appears nowhere.
CLOUDSTACK,29687997,Putting CloudStack together,https://cwiki.apache.org/confluence/spaces/CLOUDSTACK/pages/29687997/Putting+CloudStack+together,2012-11-30T19:38:10.000Z,class,com.cloud.configuration.DefaultComponentLibrary,missing,no type named DefaultComponentLibrary is declared anywhere,".cloud.configuration.DefaultInterceptorLibrary""/> <management-server library=""com.cloud.configuration.DefaultComponentLibrary""> <adapters key=""com.cloud.network.guru.NetworkGuru""> <adapter name=""GuestN",0 file(s) mention 'DefaultComponentLibrary',REAL,,Development 101 page's components.xml example loads com.cloud.configuration.DefaultComponentLibrary as current architecture. No mention anywhere in the repository (the ComponentLocator framework was replaced by Spring).
TIKA,109454088,TikaEvalJdbc,https://cwiki.apache.org/confluence/spaces/TIKA/pages/109454088/TikaEvalJdbc,2019-03-26T16:40:59.000Z,class,org.apache.tika.eval.TikaEvalCLI,moved,TikaEvalCLI is declared in: org.apache.tika.eval.app,"and the tika-eval.jar in bin/ . Basic Profile java -cp ""bin/*"" org.apache.tika.eval.TikaEvalCLI Profile -jdbc ""jdbc:postgresql:tika_eval?user=user&password=superSecret"" -extra",3 file(s) mention 'TikaEvalCLI': tika-eval/tika-eval-app/pom.xml; tika-eval/tika-eval-app/src/main/java/org/apache/tika/eval/app/TikaEvalCLI.java; tika-eval/tika-eval-app/src/test/java/org/apache/tika/eval/app/TikaEvalCLITest.java,REAL,,"Examples run 'java -cp ""bin/*"" org.apache.tika.eval.TikaEvalCLI Profile ...'. Class moved to org.apache.tika.eval.app; the old FQCN appears nowhere."
TIKA,181309141,Metadata Filters,https://cwiki.apache.org/confluence/spaces/TIKA/pages/181309141/Metadata+Filters,2021-06-04T11:49:26.000Z,class,org.apache.tika.metadata.filter.ClearByMimeMetadataFilter,missing,no type named ClearByMimeMetadataFilter is declared anywhere,"u show to users. <properties> <metadataFilters> <metadataFilter class=""org.apache.tika.metadata.filter.ClearByMimeMetadataFilter""> <params> <mimes> <mime>image/emf</mime> <mi",0 file(s) mention 'ClearByMimeMetadataFilter',FALSE_POSITIVE,page_versioned,"Borderline: the page opens 'In Tika 2.x, users may define metadata filters ... in the tika-config.xml file', explicitly scoping itself to 2.x. (The filter was later renamed RemoveByMimeMetadataFilter.)"
TIKA,148640959,TikaAndVisionVideo,https://cwiki.apache.org/confluence/spaces/TIKA/pages/148640959/TikaAndVisionVideo,2020-03-07T21:28:48.000Z,class,org.apache.tika.parser.recognition.ObjectRecognitionParser,missing,no type named ObjectRecognitionParser is declared anywhere,"perties > 2 <parsers > 3 <parser class= ""org.apache.tika.parser.recognition.ObjectRecognitionParser"" > 4 <mime > video/mp4 </mime> 5",2 file(s) mention 'ObjectRecognitionParser': CHANGES.txt; tika-server/docker-build/docker-compose-tika-vision.yml,REAL,,How-to config uses ObjectRecognitionParser. Removed in 4.0.0 (CHANGES.txt).
TIKA,148640953,TikaAndVision,https://cwiki.apache.org/confluence/spaces/TIKA/pages/148640953/TikaAndVision,2020-03-07T21:25:00.000Z,class,org.apache.tika.parser.recognition.ObjectRecognitionParser,missing,no type named ObjectRecognitionParser is declared anywhere,"perties > 2 <parsers > 3 <parser class= ""org.apache.tika.parser.recognition.ObjectRecognitionParser"" > 4 <mime > image/jpeg </mime> 5",2 file(s) mention 'ObjectRecognitionParser': CHANGES.txt; tika-server/docker-build/docker-compose-tika-vision.yml,REAL,,How-to config uses ObjectRecognitionParser. Removed in 4.0.0 (CHANGES.txt).
